problem,fix,len
유피스 젖꼭지 중간단계 ,유피스젖꼭지 중간단계 ,13
에이 형 비형간염 주사,에이형비형간염주사,12
모유 해 동방 법문의,모유해동방법,11
아벤트 내추럴 젖꼭지,젖꼭지브랜드명,11
젖병 꼭지 교체 시기,젖병꼭지 교체시기,11
오케타니 단유 마사지,오케타니단유마사지,11
베비언스 액상 니플 ,젖꼭지브랜드명,11
자연단 유방 법.. ,자연단유방법,11
쭈쭈 젖꼭지 보호대,유두보호기,10
락이도 가루 유산균,유산균브랜드명,10
모유 수유 시 양쪽,모유수유시 양쪽 ,10
이유식 후문 유량,이유식후분유량,9
에이 형 비형간염,에이형비형간염,9
역류 방지  침대,역류방지침대,9
젖꼭지 교체 시기,젖꼭지교체시기,9
젖병 꼭지 사이즈,젖병꼭지사이즈,9
모어 밀크플러스 ,모어 밀크플러스 ,9
분유 수유 방법 ,분유수유방법 ,9
유축 모유 저장법,유축모유저장법,9
후 꼭지 안에가,유두,8
역류 방지 쿠션,역류방지쿠션,8
모유 수유 실패,모유수유실패,8
모유 수유 텀요,모유수유텀,8
아 기분이 단계,아기분유단계,8
기분 유모 자라,분유량부족,8
우먼스 타이레놀,우먼스타이레놀,8
완모단 유방 법,완모단유방법,8
분유 완강 거부,분유완강거부,8
아기수 유준 비,수유준비,8
아기사랑 수분이,분유명,8
모유 수유 부족,모유수유부족,8
젖 잘 차는 법,젖잘차는법,8
각시 밀어 축기,유축기,8
황금 변분 유요,황금변분유요,8
분이 정체기 따,분유정체기 때,8
모유 수유 젖량,모유수유량,8
모유 수유 시작,모유수유시작,8
리도 맥스 연고,연고,8
스펙트라 젖꼭지,스펙트라젖꼭지,8
젖꼭지 S사이즈,젖꼭지S사이즈,8
더블하트 젖꼭지,더블하트젖꼭지,8
꼭지 단계 변경,꼭지단계변경,8
젖병 꼭지 거부,젖병꼭지 거부,8
밀다 온 블렌드,밀다운블렌드 ,8
모유 수유 양쪽,모유수유양쪽,8
모유 수유 기간,모유수유기간,8
모유 전용 젖병,모유전용젖병,8
모유 양 늘리기,모유양늘리기,8
분유 타는 물 ,분유타는 물 ,8
분 요량이요..,분유량,8
유축모유 저장법,유축모유저장법,8
자궁 염증 약 ,자궁염증약 ,8
캐럴 비 콜드,캐럴비콜드,7
자연단유방 법,자연단유방법,7
바이오 가이아,바이오가이아,7
베지밀 인펀트,베지밀인펀트,7
들쭉 날 작한,들쭉날쭉,7
모 유모 음병,모유모음병,7
임신성 육아종,임신성육아종,7
완모 시인분들,완모맘,7
시온 여성병원,여성병원,7
사용 시 기포,기포,7
젖병 수유 시,젖병수유,7
모유 수유 시,모유수유,7
모유 수유분들,모유수유맘,7
베이비 브레짱,베이비브레짜,7
안 맞나 봐요,안맞다,7
아기 변질 문,아기변질문,7
아바타 밀수입,압타밀 수입,7
만성 소화불량,만성소화불량,7
레인보 라이트,레인보우라이트,7
분유 갈아타기,분유갈아타기,7
심실중격 결손,심실중격결손,7
감기 걸리면요,감기,7
아기 마더에서,아기 아이엠마더,7
젖꼭지 재사용,젖꼭지재사용,7
젖꼭지 공갈 ,젖꼭지공갈 ,7
젖꼭지 단계 ,젖꼭지단계 ,7
실리콘 젖꼭지,실리콘젖꼭지,7
더블하트 꼭지,더블하트꼭지,7
직수 수유 텀,직수 수유텀,7
맘라 떼도 아,맘라떼모아,7
단유 마사지사,단유마사지사,7
배 앓이 증상,배앓이증상,7
젖꼭지만 힘 ,젖꼭지막힘 ,7
온 분으로..,완분,7
분유 타는 법,분유타는법,7
직수유투 통증,직수유두통증,7
후유 두 통증,유두통증,7
아기사랑 수,아기사랑수,6
비 오나 민,비오타민,6
아임 비 오,아임비오,6
아이엠 마더,아이엠마더,6
히 프 분유,힙분유,6
프로 푸트라,프로푸트라,6
비지 에인절,비지엔젤,6
역류방 쿠션,역류방지쿠션,6
분유 저장팩,분유저장팩,6
일회용 젖병,일회용젖병,6
분유 거부요,분유거부,6
베이비 어플,베이비어플,6
미네랄 오일,미네랄오일,6
안 일어나요,안일어나다,6
아기분유단계,분유단계,6
유두 보호기,유두보호기,6
모유 수유용,모유수유,6
해외 분유용,해외분유,6
젖꼭지 조립,젖꼭지조립,6
조리 원수요,조리원수유,6
단 유도 전,단유도전,6
유구 염증성,유구염증상,6
밤 쉬질 문,밤수,6
수유금기 약,수유금기약,6
사후 피임약,사후피임약,6
메르 비방디,미용,6
난리 블루스,난리,6
온 분인데요,완분,6
온 분이든요,완분,6
보조 젖꼭지,보조젖꼭지,6
가슴 마사지,가슴마사지,6
가슴 마시지,가슴마사지,6
모발 영양제,미용,6
산후 관리사,산후관리사,6
한 통구 매,구매,6
분이 탈 때,분유 탈 때,6
분이 정체기,분유정체기,6
3일차 마더,아이엠마더,6
임페나 마더,임페리얼 아이엠마더,6
유 두 통증,유두통증,6
설소대 수술,설소대수술,6
설소대 시술,설소대시술,6
액상 분유 ,액상분유,6
젖꼭지 상처,유두상처,6
젖꼭지 교환,젖꼭지교환,6
젖꼭지 선택,젖꼭지선택,6
분유 비린내,분유비린내,6
쭈쭈 젖꼭지,쭈쭈젖꼭지,6
젖꼭지 호환,젖꼭지호환,6
모유 촉진제,모유촉진제,6
밀어 블랜드,밀업블랜드,6
얼스 마마 ,얼쓰마마 ,6
수유 마사지,수유마사지,6
힘 먹이다가,분유명,6
양배추 크림, 양배추크림,6
기저귀 개수,기저귀 갯수,6
밤 수기 준,밤수기준,6
직수유두통증,직수유두통증,6
국내 브랜드,국내브랜드,6
올 분이 ,올분유,5
참치의 유,참치어유,5
수 유 텀,수유텀,5
비오 타민,비오타민,5
히 프분유,힙분유,5
히프 분유,힙분유,5
카브 리타,카브리타,5
마더 분유,아이엠마더,5
알레르 기,알레르기,5
단유방 법,단유방법,5
단유 실패,단유실패,5
모유 실패,모유수유실패,5
무플 방지,무플방지,5
수유 습관,수유습관,5
분유 타도,조유방법,5
뉴위드 맘,뉴위드맘,5
눈썹 문신,눈썹문신,5
분유 텀요,분유텀,5
수유 텀요,수유텀,5
특정 분유,특정분유,5
특정 시간,특정시간,5
이유 식량,이유식량,5
사출 반사,사출반사,5
아이 배냇,아이배냇,5
유두 상처,유두상처,5
유두 백반,유두백반,5
아이스 팩,아이스팩,5
모유단유방,모유단유방법,5
젖병 거부,젖병거부,5
수유 텀이,수유텀,5
젖병 조립,젖병조립,5
엄마 뿌염,미용,5
엉망 진창,엉망진창,5
와는 분여,완분여아,5
모유 수중,모유수유,5
모유 수유,모유수유,5
밤소 끊기,밤수끊기,5
보냉 가방,보냉가방,5
결정 장애,결정장애,5
선택 장애,선택장애,5
단유 방법,단유방법,5
분유 추천,분유추천,5
초 유포함,초유포함,5
유축 유릉,유축유,5
솔가 엽산,엽산제,5
힘든 여정,힘든여정,5
약콩 두유,약콩두유,5
분유 스푼,분유스푼,5
마구 수후,막수,5
혈압 상승,혈압상승,5
구연 산물,구연산물,5
사용빈도용,사용빈도,5
박수 부족,막수부족,5
보디 제품,바디제품,5
모유 보감,모유보감,5
젖 별채로,젖병,5
마크 밀정,약,5
분유 물욕,분유물,5
경산 모닝,경산모,5
생초보 맘,초보맘,5
젖 말리기,단유,5
자연단 유,자연단유,5
네뷸라이저,네블라이저,5
넣기고민망,민망,5
개월 내여,게워내다,5
둘째 날젖,모유,5
4개인데요,개월,5
제왕 한신,제왕절개,5
비오 태민,비오타민,5
분이 고민,분유 고민,5
방금 마더,아이엠마더,5
마더 케어,마더케어,5
남양 마더,아이엠마더,5
단설 소대,단설소대,5
꼭 죽 쓰,유두,5
헤겐 젖병,헤겐젖병,5
젖병 꼭지,젖병꼭지,5
유두 꼭지,유두꼭지,5
꼭지 통증,꼭지통증,5
꼭지 단계,꼭지단계,5
공갈 꼭지,공갈꼭지,5
꼭지 아픔,유두통증,5
베뉴 그릭,페뉴그릭,5
니플 버터,니플버터,5
치밀 유방,치밀유방,5
수유 양쪽,수유양쪽,5
단유 크림,단유크림,5
모유 유축,유축,5
니크 배달,신생아중환자실모유전달,5
맘스 리베,맘스리베,5
완불 아가,완분아기,5
분유 변경,분유변경,5
원더 윅스,원더윅스,5
오로 배출,오로배출,5
한쪽 수유,한쪽수유,5
아바타 밀,압타밀,5
빨기 욕구,빨기욕구,5
배변 주기,배변주기,5
이마트 힘,이마트힙,5
유선 막힘,유선막힘,5
분유 수유,분유수유,5
유축 수유,유축 수유,5
젖병 수유,젖병수유,5
유축기 힘,유축기힘,5
온 분인데,완분인데 ,5
소변 개수,소변 갯수,5
젖병 개수,젖병개수,5
모유 색깔,모유색깔,5
황달 치료,황달치료,5
가슴 통증,가슴통증,5
단유 진행,단유진행,5
몸살 증상,몸살증상,5
입덧 증세,입덧증세,5
가루 분유,가루분유,5
액상 분유,액상분유,5
아이비@,브랜드명,4
온 분이,완분,4
성숙 유,성숙유,4
유니 맘,유니맘,4
분유 냥,분유량,4
유축 냥,유축량,4
첫 수어,첫수,4
새벽 수,새벽수,4
하 시분,하신 분,4
수 유부,수유부,4
수유 부,수유부,4
부 유방,부유방,4
부에 두,부유두,4
마그 비,마그비,4
아임마저,아이엠마더,4
압 타밀,압타밀,4
앞 타밀,압타밀,4
히프분유,힙분유,4
일루 마,일루마,4
마더분유,아이엠마더,4
분유타도,조유방법,4
압마 밀,압타밀,4
퓨어라고,퓨어락,4
진수완모,직수완모,4
본 유량,분유량,4
분유 텀,분유텀,4
수유 텀,수유텀,4
수유 콜,수유콜,4
케어내요,게워내다,4
밤 수요,밤수,4
젖 사랑,젖사랑,4
바꿀 수,변경,4
젖 물잡,젖물잠,4
젖 거부,젖거부,4
재보 온,재보온,4
준 유캔,분유통,4
수유 양,수유량,4
스코펜지,스코펜정,4
비판 탠,비판텐,4
분수 토,분수토,4
황금 변,황금변,4
이 베드,비베드,4
끝 무렵,끝무렵,4
단유 차,단유차,4
초보 맘,초보맘,4
위드 맘,위드맘,4
러닝 홈,장난감,4
넘보자란,모자르다,4
그라함스,미용,4
분이 탄,분유 탄,4
분이 검,분유,4
분이 줄,분유 줄,4
분이 텀,분유텀,4
마더에서,아이엠마더,4
고인 젖,고인젖,4
손 유축,손유축,4
땀 배출,땀배출,4
8개 월,개월,4
배 아픔,복부통증,4
유축 텀,유축텀,4
가루분유,가루분유,4
액상분유,액상분유,4
오케마,오케타니,3
분 유,분유,3
두 유,두유,3
수 유,수유,3
모 유,모유,3
단 유,단유,3
유 두,유두,3
고 민,고민,3
몇 시,몇시,3
밤 수,밤수,3
꿈 수,꿈수,3
낮 수,낮수,3
막 수,막수,3
밥 수,밤수,3
통 잠,통잠,3
첫 수,첫수,3
꿀 수,꿈수,3
직 수,직수,3
안 모,완모,3
아 기,아기,3
밤 잠,밤잠,3
완 모,완모,3
완 분,완분,3
완 뭐,완모,3
현 나,현타,3
도 민,고민,3
히 프,힙분유,3
시 기,시기,3
압*밀,압타밀,3
압 밀,압타밀,3
추 전,추천,3
유구요,유구염,3
비판단,비판텐,3
시다들,다들,3
재수요,재수유,3
분류안,분유안,3
장염화,약,3
스크루,스크류,3
맛고분,맛구분,3
락이도,락피도,3
기성전,기상,3
온 분,완분,3
히프 ,힙,3
투명도,투명토,3
젖 양,젖양,3
밤 쉬,밤수,3
딘유,단유,2
압밀,압타밀,2
반수,밤수,2
막소,막수,2
범수,밤수,2
즉수,직수,2
악수,막수,2
완불,완분,2
히프,힙분유,2
눕시,눕수,2
추전,추천,2
전량,젖량,2
단위,단유,2
인류,인큐,2
들올,끌올,2
경유,경우,2
정찰,젖이찬다,2
전속,젖속,2
자부,찌그러지다,2
니크,니큐,2
안분,완분,2
왕분,완분,2
박수,막수,2
다논,타다,2
막스,막수,2
포탈,약,2
만수,막수,2
닥트,닥브,2
물통,물토,2
홀에,홀레,2
단이,단유,2
본유,분유,2
