Column1,Column2,Column3
nursing,korean,internet
가,아,_
가라,휴,-
가지,아이구,","
각,아이쿠,;
간,아이고,:
갈,어,!
갈고,나,?
갈면,우리,.
갈수,저희,…
갈아,따라,‘
감도,의해,’
감이,을,""""
감을,를,“
갓,에,”
걍,의,(
거,가,)
거고,으로,[
거기,로,]
거긴,에게,》
거는,뿐이다,@
거랑,의거하여,*
거라,근거하여,/
거면,입각하여,\
거에,기준으로,&
거죠,예하면,#
거즘,예를 들면,%
거진,예를 들자면,^
거쳐,저,°
건,소인,→
건가,소생,÷
건너,저희,×
건데,지말고,<
건지,하지마,=
걸,하지마라,+
걸려,다른,>
걸로,물론,|
걸린,또한,~
걸릴,그리고,■
걸쳐,비길수 없다,★
것,해서는 안된다,♂
것도,뿐만 아니라,♡
것두,만이 아니다,♤
것만,만은 아니다,$
것에,막론하고,有
것은,관계없이,ㆍ
것을 것이,그치지 않다,
게,그러나,
겠다,그런데,
겠죠,하지만,
겸,든간에,
경,논하지 않다,
경에,따지지 않다,
계,설사,
계신,비록,
계심,더라도,
고,아니면,
고파,만 못하다,
고픈,하는 편이 낫다,
고플,불문하고,
곳,향하여,
곳도,향해서,
곳에,향하다,
곳은,쪽으로,
곳을,틈타,
곳이,이용하여,
과,타다,
관한,오르다,
구요,제외하고,
구지,이 외에,
구할,이 밖에,
군데,하여야,
그,비로소,
그거,한다면 몰라도,
그건,외에도,
그걸,이곳,
그것,여기,
그게,부터,
그낭,기점으로,
그녕,따라서,
그럴,할 생각이다,
그리,하려고하다,
그에,이리하여,
그외,그리하여,
그중,그렇게 함으로써,
그쪽,하지만,
근,일때,
근대,할때,
글고,앞에서,
글구,중에서,
글서,보는데서,
글케,으로써,
급,로써,
긍데,까지,
기,해야한다,
기가,일것이다,
기고,반드시,
기냥,할줄알다,
까봐,할수있다,
까서,할수있어,
까요,임에 틀림없다,
까진,한다면,
까지,등,
깔릴,등등,
꺼,제,
꺾고,겨우,
껴도,단지,
껴서,다만,
껴요,할뿐,
꼬고,딩동,
꼴로,댕그,
끼고,대해서,
끼는,대하여,
끼로,대하면,
끼면,훨씬,
끼에,얼마나,
낀,얼마만큼,
나가,얼마큼,
나,남짓,
나갈,여,
나게,얼마간,
나고,약간,
나기,다소,
나긴,좀,
나눠,조금,
나는,다수,
나니,몇,
나도,얼마,
나만,지만,
나면,하물며,
나서,또한,
나선,그러나,
나야,그렇지만,
나온,하지만,
나올,이외에도,
나옴,대해 말하자면,
나와,뿐이다,
나요,다음에,
나은,반대로,
나을,반대로 말하자면,
나지,이와 반대로,
나진,바꾸어서 말하면,
나질,바꾸어서 한다면,
난,만약,
난거,그렇지않으면,
날거,까악,
날때,툭,
날로,딱,
날쑥,삐걱거리다,
났고,보드득,
내,비걱거리다,
내고,꽈당,
내는,응당,
내니,해야한다,
내려,에 가서,
내로,각,
내리,각각,
내며,여러분,
내서,각종,
내에,각자,
내요,제각기,
내지,하도록하다,
냉,와,
네,과,
네요,그러므로,
누크,그래서,
뉴,고로,
느므,한 까닭에,
는,하기 때문에,
는거,거니와,
는데,이지만,
늘거,대하여,
니큐,관하여,
다고,관한,
다는,과연,
다된,실로,
다해,아니나다를가,
달고,생각한대로,
달래,진짜로,
달지,한적이있다,
담,하곤하였다,
당,하,
대,하하,
대고,허허,
대는,아하,
대도,거바,
대로,와,
대를,오,
대면,왜,
대서,어째서,
대요,무엇때문에,
대중,어찌,
대한,하겠는가,
대해,무슨,
더는,어디,
더디,어느곳,
데,더군다나,
도,하물며,
도가,더욱이는,
도나,어느때,
도는,언제,
도를,야,
도물,이봐,
도씨,어이,
도에,여보시오,
도의,흐흐,
돌게,흥,
돌고,휴,
돌기,헉헉,
돌긴,헐떡헐떡,
돌려,영차,
돌면,여차,
돌아,어기여차,
돌지,끙끙,
동동,아야,
동안,앗,
돼,아야,
돼도,콸콸,
돼서,졸졸,
돼야,좍좍,
돼요,뚝뚝,
됐고,주룩주룩,
됐구,솨,
됐다,우르르,
됐을,그래도,
되고,또,
되구,그리고,
되기,바꾸어말하면,
되긴,바꾸어말하자면,
되나,혹은,
되는,혹시,
되니,답다,
되던,및,
되도,그에 따르는,
되려,때가 되어,
되면,즉,
되서,지든지,
되야,설령,
되어,가령,
되여,하더라도,
되요,할지라도,
되로,일지라도,
되지,지든지,
되진,몇,
되질,거의,
된,하마터면,
된거,인젠,
된것,이젠,
된게,된바에야,
된다,된이상,
된지,만큼,
될,그위에,
될거,게다가,
될것,점에서 보아,
될까,비추어 보아,
될꺼,고려하면,
될듯,하게될것이다,
될때,일것이다,
될수,비교적,
될줄,좀,
될지,보다더,
됨,비하면,
됫고,시키다,
됬고,하게하다,
두고,할만하다,
두는,의해서,
두면,연이서,
두서,이어서,
둥,잇따라,
둥둥,뒤따라,
둥이,뒤이어,
둬도,결국,
둬서,의지하여,
둬야,기대여,
뒀다,통하여,
드뎌,자마자,
들,더욱더,
들고,불구하고,
들기,얼마든지,
들긴,마음대로,
들때,주저하지 않고,
들면,곧,
들어,즉시,
들은,바로,
들을,당장,
들이,하자마자,
들지,밖에 안된다,
듯,하면된다,
듯이,그래,
듯한,그렇지,
디게,요컨대,
따라,다시 말하자면,
따서,바꿔 말하면,
딱,즉,
땡,구체적으로,
땡땡,말하자면,
띄게,시작하여,
띵띵,시초에,
라,이상,
라고,허,
라는,헉,
라도,허걱,
라며,바와같이,
라면,해도좋다,
라서,해도된다,
라지,게다가,
랑,더구나,
래,하물며,
로,와르르,
로도,팍,
로만,퍽,
를,펄렁,
리,동안,
링,이래,
마는,하고있었다,
마다,이었다,
마라,에서,
마자,로부터,
마저,까지,
막,예하면,
막다,했어요,
만,해요,
만에,함께,
만큼,같이,
만한,더불어,
말고,마저,
말곤,마저도,
말구,양자,
말까,모두,
말다,습니다,
말라,가까스로,
말란,하려고하다,
말아,즈음하여,
말자,다른,
말지,다른 방면으로,
맘때,해봐요,
맘에,습니까,
맘은,했어요,
맘을,말할것도 없고,
맘이,무릎쓰고,
매,개의치않고,
맨,하는것만 못하다,
먹,하는것이 낫다,
면,매,
명,매번,
몇,들,
몇몇,모,
몇씩,어느것,
몇을,어느,
몇입,로써,
몇통,갖고말하자면,
모금,어디,
모를,어느쪽,
모아,어느것,
모윰,어느해,
몰라,어느 년도,
못,라 해도,
못난,언젠가,
못잘,어떤것,
못한,어느것,
못할,저기,
못해,저쪽,
무,저것,
무른,그때,
무한,그럼,
문,그러면,
뭐뭐,요만한걸,
미듐,그래,
미만,그때,
미칠,저것만큼,
밀리,그저,
밀티,이르기까지,
및,할 줄 안다,
바른,할 힘이 있다,
박,너,
밖에,너희,
배배,당신,
백,어찌,
백퍼,설마,
번다,차라리,
번더,할지언정,
번도,할지라도,
번만,할망정,
번씩,할지언정,
번에,구토하다,
번은,게우다,
번을,토하다,
번의,메쓰겁다,
번이,옆사람,
번중,퉤,
번째,쳇,
베베,의거하여,
별,근거하여,
별거,의해,
별게,따라,
별반,힘입어,
별별,그,
별일,다음,
별짓,버금,
별탈,두번째로,
보게,기타,
보고,첫번째로,
보구,나머지는,
보기,그중에서,
보긴,견지에서,
보는,형식으로 쓰여,
보니,입장에서,
보다,위해서,
보단,단지,
보던,의해되다,
보면,하도록시키다,
보며,뿐만아니라,
보신,반대로,
보여,전후,
보일,전자,
보지,앞의것,
본,잠시,
본거,잠깐,
본건,하면서,
본게,그렇지만,
본격,다음에,
본인,그러한즉,
본적,그런즉,
볼,남들,
볼까,아무거나,
볼때,어찌하든지,
볼땐,같다,
볼수,비슷하다,
봉,예컨대,
봐,이럴정도로,
봐도,어떻게,
봐서,만약,
봐선,만일,
봐야,위에서 서술한바와같이,
봐요,인 듯하다,
봤고,하지 않는다면,
봤을,만약에,
부터,무엇,
부턴,무슨,
분도,어느,
분에,어떤,
분의,아래윗,
분이,조차,
뷴,한데,
븐,그럼에도 불구하고,
비해,여전히,
빤,심지어,
빨,까지도,
빨게,조차도,
뿐,하지 않도록,
뿐만,않기 위하여,
뿐이,때,
뿜고,시각,
사,무렵,
상,시간,
상위,동안,
새,어때,
새거,어떠한,
새고,하여금,
새는,네,
새로,예,
새서,우선,
새요,누구,
샘은,누가 알겠는가,
샘이,아무도,
생,줄은모른다,
서,줄은 몰랏다,
서고,하는 김에,
서서,겸사겸사,
선,하는바,
설,그런 까닭에,
성어,한 이유는,
성인,그러니,
세,그러니까,
세게,때문에,
세고,그,
세기,너희,
세서,그들,
세요,너희들,
세워,타인,
센,것,
소이,것들,
속은,너,
속을,위하여,
속이,공동으로,
솔가,동시에,
수,하기 위하여,
수가,어찌하여,
수는,무엇때문에,
수디,붕붕,
수록,윙윙,
수를,나,
수면,우리,
수에,엉엉,
순,휘익,
쉬도,윙윙,
스윙,오호,
슬,아하,
시,어쨋든,
시가,만 못하다,
시고,차라리,
사나,하는 편이 낫다,
시는,흐흐,
시단,놀라다,
시도,상대적으로 말하자면,
시라,마치,
시랑,아니라면,
시로,쉿,
시를,그렇지 않으면,
시만,그렇지 않다면,
시면,안 그러면,
시애,아니었다면,
시에,하든지,
시엔,아니면,
시전,이라면,
시판,좋아,
식,알았어,
신,하는것도,
신형,그만이다,
실,어쩔수 없다,
싶게,하나,
싶고,일,
싶구,일반적으로,
싶긴,일단,
싶다,한켠으로는,
싶어,오자마자,
싶을,이렇게되면,
싶음,이와같다면,
싶지,전부,
싶진,한마디,
썩,한항목,
쎄게,근거로,
쎄고,하기에,
쎄서,아울러,
씩,하지 않도록,
씩도,않기 위해서,
씩만,이르기까지,
씩은,이 되다,
아,로 인하여,
아깝,까닭으로,
아놔,이유만으로,
아는,이로 인하여,
아니,그래서,
아닌,이 때문에,
아닐,그러므로,
아님,그런 까닭에,
아우,알 수 있다,
아아,결론을 낼 수 있다,
아애,으로 인하여,
아얘,있다,
아에,어떤것,
악,관계가 있다,
악을,관련이 있다,
안,연관되다,
안된,어떤것들,
안돼,에 대해,
안댄,이리하여,
안되,그리하여,
안될,여부,
안됨,하기보다는,
안아,하느니,
안에,하면 할수록,
안줄,운운,
안쪽,이러이러하다,
안한,하구나,
안할,하도다,
안함,다시말하면,
않,다음으로,
않게,에 있다,
않고,에 달려 있다,
않구,우리,
않나,우리들,
않는,오히려,
않다,하기는한데,
않던,어떻게,
않아,어떻해,
않은,어찌됏어,
않을,어때,
않음,어째서,
않죠,본대로,
알,자,
알게,이,
알고,이쪽,
알려,여기,
알면,이것,
알수,이번,
알아,이렇게말하자면,
암,이런,
암만,이러한,
압밀,이와 같은,
앵,요만큼,
어,요만한 것,
어요,얼마 안 되는 것,
얼마,이만큼,
엄,이 정도의,
업,이렇게 많은 것,
없게,이와 같다,
없고,이때,
없구,이렇구나,
없긴,것과 같이,
없나,끼익,
없는,삐걱,
없다,따위,
없던,와 같은 사람들,
없어,부류의 사람들,
없을,왜냐하면,
없음,중의하나,
없이,오직,
없죠,오로지,
없지,에 한하다,
없진,하기만 하면,
에,도착하다,
에는,까지 미치다,
에서,도달하다,
에요,정도에 이르다,
엠,할 지경이다,
여기,결과에 이르다,
여긴,관해서는,
여서,여러분,
여일,하고 있다,
였고,한 후,
영,혼자,
예요,자기,
오,자기집,
오고,자신,
오기,우에 종합한것과같이,
오긴,총적으로 보면,
오는,총적으로 말하면,
오니,총적으로,
오로,대로 하다,
오른,으로서,
오면,참,
오신,그만이다,
오지,할 따름이다,
오진,쿵,
온,탕탕,
온거,쾅쾅,
온것,둥둥,
온다,봐,
온지,봐라,
올,아이야,
올거,아니,
올것,와아,
올까,응,
올때,아이,
올라,참나,
올려,년,
올린,월,
올릴,일,
올수,령,
올지,영,
와,일,
와도,이,
와서,삼,
와선,사,
와요,오,
왔고,육,
왔나,륙,
왔다,칠,
왔던,팔,
왔을,구,
외,이천육,
외에,이천칠,
외엔,이천팔,
요,이천구,
요거,하나,
요건,둘,
요게,셋,
요람,넷,
용,다섯,
용을,여섯,
우,일곱,
움,여덟,
위,아홉,
위가,령,
위로,영,
위를,ㄱ,
위에,ㄴ,
위와,ㄷ,
위의,ㄹ,
위주,ㅁ,
원,ㅂ,
원할,ㅅ,
월령,ㅇ,
위드,ㅈ,
위맘,ㅊ,
위한,ㅋ,
위해,ㅌ,
유미,ㅍ,
으,ㅎ,
으로,ㅏ,
을,ㅑ,
음,ㅗ,
응,ㅛ,
의,ㅠ,
의한,ㅣ,
의해,ㅢ,
이거,ㅜ,
이건,ㅕ,
이걸,ㅓ,
이것,ㅔ,
이게,ㅖ,
이고,,
이구,,
이긴,,
이나,,
이내,,
이는,,
이니,,
이도,,
이든,,
이라,,
이랑,,
이래,,
이런,,
이럴,,
이럼,,
이로,,
이른,,
이를,,
이리,,
이맘,,
이며,,
이면,,
이상,,
이알,,
이어,,
이에,,
이요,,
이지,,
이하,,
인,,
인가,,
인거,,
인것,,
인데,,
인지,,
인한,,
인해,,
일도,,
일동,,
일로,,
일만,,
일분,,
일은,,
일을,,
일의,,
일이,,
일인,,
일일,,
일좀,,
일지,,
입꾹,,
잇고,,
잇구,,
잇는,,
있게,,
있고,,
있구,,
있긴,,
있나,,
았는,,
있다,,
있단,,
있던,,
있어,,
있을,,
있음,,
있죠,,
있지,,
있진,,
잉,,
자가,,
자란,,
자로,,
자지,,
작,,
잘,,
잘은,,
잦고,,
잦은,,
재가,,
재고,,
재는,,
재면,,
재서,,
재운,,
재울,,
재워,,
재질,,
잰,,
쟀을,,
저,,
저거,,
저걸,,
저게,,
저나,,
저는,,
저는,,
저도,,
저두,,
저랑,,
저래,,
저런,,
저를,,
저리,,
저만,,
저야,,
저와,,
저의,,
저좀,,
저희,,
적,,
적도,,
적이,,
전기,,
전만,,
전이,,
절,,
절때,,
절로,,
점,,
점은,,
점이,,
접어,,
정,,
정한,,
제,,
제가,,
제게,,
제꺼,,
제껀,,
제껄,,
제외,,
져서,,
조동,,
조차,,
족족,,
좌,,
죠,,
주,,
주가,,
주도,,
주된,,
주를,,
주만,,
주자,,
주전,,
주지,,
준,,
준거,,
준것,,
준게,,
준다,,
준지,,
줄,,
줄거,,
줄게,,
줄고,,
줄기,,
줄긴,,
줄까,,
줄때,,
줄땐,,
줄면,,
줄수,,
줄어,,
줄여,,
줄은,,
줄인,,
줄일,,
줄일,,
줄지,,
줄진,,
중,,
중간,,
중에,,
중엔,,
중인,,
즈음,,
즤,,
지,,
지가,,
지게,,
지고,,
지기,,
지는,,
지레,,
지림,,
진,,
진이,,
짓,,
짓고,,
짓을,,
짜리,,
째,,
쪽,,
쪽당,,
쪽도,,
쪽만,,
쪽에,,
쪽은,,
쪽을,,
쪽이,,
쪽씩,,
쭈욱,,
쭉,,
쯤,,
쯤에,,
찌찌,,
찍,,
찐,,
찡,,
착,,
참,,
참에,,
처럼,,
청,,
총,,
총량,,
총양,,
총합,,
최대,,
최소,,
축,,
취해,,
치고,,
치곤,,
콜,,
콜이,,
퀸,,
큐,,
큰맘,,
타사,,
탈이,,
탓에,,
태어,,
태열,,
태워,,
택도,,
터라,,
텐데,,
통째,,
통해,,
트,,
트루,,
틀,,
틀에,,
틀째,,
틈도,,
틈이,,
퍼,,
펌,,
편,,
편도,,
편에,,
편은,,
편이,,
편인,,
편치,,
편평,,
평이,,
포,,
포씩,,
표,,
풀,,
풀로,,
품에,,
퓨,,
하,,
하게,,
하고,,
하곤,,
하구,,
하기,,
하긴,,
하나,,
하는,,
하니,,
하다,,
하던,,
하도,,
하되,,
하두,,
하든,,
하듯,,
하라,,
하러,,
하려,,
하며,,
하면,,
하신,,
하실,,
하아,,
하여,,
하자,,
하죠,,
하지,,
하진,,
하질,,
한,,
한거,,
한건,,
한걸,,
한것,,
한게,,
한다,,
한데,,
한두,,
한적,,
한지,,
한테,,
할,,
할거,,
할것,,
할게,,
할까,,
할꺼,,
할때,,
할땐,,
할수,,
할줄,,
할지,,
함,,
해,,
해도,,
해두,,
해라,,
해본,,
해볼,,
해서,,
해야,,
해여,,
해온,,
해요,,
해줄,,
했고,,
했구,,
했나,,
했는,,
했다,,
했던,,
했을,,
했음,,
했죠,,
향해,,
현,,
호,,
회는,,
회당,,
회도,,
회라,,
회로,,
획,,
흠,,
흡,,
ㅐ,,
·,,
가량,,
가만,,
가장,,
각각,,
각자,,
각종,,
간혹,,
겨우,,
결국,,
고작,,
곤히,,
곧,,
곧잘,,
곧장,,
골드,,
과연,,
괜한,,
괜히,,
구냥,,
구럼,,
굳게,,
굳이,,
그간,,
그날,,
그냥,,
그닥,,
그담,,
그때,,
그땐,,
그래,,
그런,,
그럼,,
그새,,
그저,,
극히,,
근데,,
금새,,
금세,,
기타,,
급히,,
기존,,
기타,,
꺼억,,
꺽,,
꺽꺽,,
꼬박,,
꼬옥,,
꼭,,
꼭꼭,,
꼭좀,,
꼴깍,,
꼴딱,,
꼴랑,,
꽉,,
꽉꽉,,
꽉찬,,
꽝꽝,,
꽤,,
꽤나,,
꾸륵,,
꾸벅,,
꾸욱,,
꾹,,
꾹꾹,,
꿀꺽,,
꿀떡,,
끙,,
끙끙,,
낑낑,,
나름,,
남짓,,
내가,,
내외,,
낼름,,
냠냠,,
너,,
너가,,
너무,,
너뮤,,
넘,,
넘나,,
넘넘,,
늘,,
니가,,
다만,,
다시,,
다신,,
단지,,
당시,,
당연,,
당최,,
당췌,,
대략,,
대박,,
대신,,
대체,,
대충,,
더,,
더더,,
더욱,,
덕에,,
덜,,
덜덜,,
덜컥,,
덥석,,
도중,,
도통,,
되게,,
들쑥,,
듬뿍,,
등등,,
따로,,
딱히,,
또,,
또는,,
또한,,
똑,,
똑똑,,
뚝,,
뚝딱,,
뚝뚝,,
마구,,
마냥,,
마치,,
마침,,
막상,,
만약,,
만일,,
맘껏,,
매우,,
매일,,
먼저,,
멀리,,
모두,,
모든,,
몰래,,
몽땅,,
무려,,
무렵,,
무지,,
무척,,
무튼,,
문득,,
문뜩,,
물론,,
미리,,
반면,,
번쩍,,
별로,,
별루,,
보통,,
부디,,
부쩍,,
분명,,
불과,,
비록,,
비중,,
빵빵,,
빽빽,,
뻘뻘,,
뻥,,
뽕,,
뿅,,
뿡뿡,,
사실,,
사이,,
살살,,
살짝,,
상관,,
새삼,,
서로,,
선뜻,,
설마,,
셀프,,
슬슬,,
슬쩍,,
실제,,
실컷,,
싹,,
싹다,,
싹싹,,
쌔게,,
쏙,,
쑥,,
쑥쑥,,
씨익,,
아마,,
아예,,
아오,,
아우,,
아주,,
아직,,
아차,,
아참,,
아휴,,
암튼,,
앙,,
앙앙,,
어서,,
어우,,
어쩔,,
어쩜,,
어휴,,
언능,,
얼른,,
얼릉,,
얼추,,
얼핏,,
엄청,,
엉엉,,
에고,,
에효,,
에휴,,
엥,,
여간,,
여태,,
여튼,,
역시,,
영영,,
예,,
예를,,
오물,,
오직,,
온갖,,
온통,,
와락,,
와우,,
완전,,
완젼,,
왈칵,,
왈콱,,
왕,,
왕왕,,
우리,,
우선,,
우웩,,
욱,,
워낙,,
원래,,
원랜,,
원채,,
원체,,
웩,,
유독,,
으아,,
으악,,
으앙,,
으엥,,
윽,,
은근,,
응아,,
응애,,
이왕,,
이쯤,,
일단,,
일명,,
일절,,
자꾸,,
자신,,
잘만,,
절대,,
점점,,
점차,,
정녕,,
정도,,
정량,,
정말,,
정작,,
제때,,
제발,,
제법,,
제일,,
주륵,,
주욱,,
줄곧,,
줄줄,,
즉,,
즉시,,
증말,,
직접,,
진작,,
진즉,,
진짜,,
질질,,
징징,,
쩍쩍,,
쩝,,
쩝쩝,,
쪽쪽,,
쫄쫄,,
쫍쫍,,
쫙,,
쫙쫙,,
쫩쫩,,
쭈,,
쭈쭈,,
쭉쭉,,
쮸쮸,,
찡얼,,
찡찡,,
차마,,
차차,,
차츰,,
척,,
척척,,
철철,,
촵촵,,
최근,,
칭얼,,
캑캑,,
커녕,,
컥컥,,
켁켁,,
콕콕,,
콱,,
콸콸,,
쿡쿡,,
쿨쿨,,
탁,,
탈탈,,
탱탱,,
텅,,
토닥,,
톡,,
톡톡,,
통통,,
툭,,
툭툭,,
퉁퉁,,
퉤,,
퉤퉤,,
특히,,
팅팅,,
팍,,
팍팍,,
팔팔,,
팡,,
팡팡,,
펑펑,,
퐁당,,
푹,,
핑,,
하필,,
하하,,
한결,,
한참,,
한창,,
함께,,
핫딜,,
항시,,
허허,,
헉,,
헉헉,,
헌데,,
헐,,
헝,,
혹시,,
혹여,,
혹은,,
혼자,,
확,,
확확,,
홱,,
후딱,,
훅,,
훅훅,,
훌쩍,,
훨,,
훨씬,,
휙,,
휙휙,,
휴,,
휴우,,
흐,,
흐엉,,
흑,,
흑흑,,
흔히,,
흠뻑,,
힝,,
관계요,,
여러분들이라,,
모유\+분유,,
한다는데요,,
하시는분들,,
하라는데요,,
중인데잘하,,
중인데너무,,
잘아시는분,,
인가해서요,,
이러시는지,,
이러시나요,,
이러는지요,,
왔어요너무,,
올려요대체,,
안녕하세요,,
관련해서요,,
관련질문요,,
ml에요,,
feat,,
햐주세용,,
해주세요,,
하주세요,,
하려는데,,
하는데요,,
하는거죠,,
터졌어요,,
쫍쫍거리,,
쪼물짝대,,
쩝쩝거리,,
중입니다,,
중인데요,,
중인데속,,
중이에요,,
좋겠네요,,
전인데요,,
전이에요,,
있으면요,,
있습니다,,
있는데요,,
입으세요,,
이모저모,,
이만저만,,
이뤄놨던,,
완료종료,,
완료시각,,
오물오물,,
여자아이,,
여자아기,,
여러분들,,
안늘어나,,
안_는데,,
아졌어요,,
아인데요,,
아들내미,,
아닌데요,,
선배님들,,
상관관계,,
분들이요,,
말인데요,,
드릴게요,,
둘째는요,,
돼서인지,,
다들하시,,
남자아이,,
남겨요아,,
굴러다니,,
관련해서,,
관련하여,,
관련이요,,
고속도로,,
거중에요,,
같은데요,,
후부터,,
했는데,,
해서요,,
합니다,,
할게요,,
한잔해,,
한데요,,
하이트,,
하세요,,
하면요,,
하고픈,,
탔어요,,
쫍쫍하,,
지나치,,
중이요,,
중이긴,,
중에요,,
주면요,,
졌네요,,
제가요,,
전에요,,
저러지,,
자연관,,
자는아,,
있어요,,
인데요,,
이에요,,
이렇게,,
이런지,,
이런데,,
이러지,,
이러시,,
이래요,,
으아악,,
유에스,,
왓믄데,,
오늘급,,
영사님,,
없음요,,
야나요,,
알랴주,,
아드만,,
시다들,,
선배님,,
사놔야,,
뿌지직,,
뿌애앵,,
불어도,,
분이요,,
분으로,,
분들요,,
보이시,,
보여요,,
보세요,,
백화점,,
미리씩,,
문이요,,
모두들,,
메이트,,
말이요,,
려는데,,
똬리요,,
때아니,,
때까진,,
들어오,,
드셨던,,
되면요,,
되는덴,,
내여안,,
내놨다,,
나신뷴,,
꾹입니,,
김영란,,
그래요,,
그대로,,
구런지,,
관련해,,
관련하,,
관련요,,
관계요,,
곳이요,,
것이요,,
것보단,,
것들요,,
걸까요,,
건데요,,
거가요,,
같은데,,
같아요,,
가보신,,
이런가,,
ss,,
ml,,
it,,
bk,,
ar,,
ad,,
ac,,
후크,,
후디,,
회보,,
혹시,,
호주,,
헝헝,,
해용,,
해요,,
해오,,
해영,,
해아,,
한잔,,
한신,,
한대,,
한국,,
하죠,,
하우,,
하시,,
피토,,
프리,,
포당,,
파티,,
통기,,
탠데,,
타방,,
켜요,,
치요,,
촙촙,,
첫째,,
찹찹,,
쪽쪽,,
진대,,
직후,,
지칭,,
즉시,,
중일,,
중이,,
주무,,
좋을,,
좀요,,
정부,,
점요,,
전주,,
저요,,
저번,,
저렴,,
장타,,
작한,,
작아,,
자자,,
있질,,
입단,,
일아,,
일대,,
인용,,
인디,,
이후,,
이전,,
이웃,,
이요,,
이옹,,
이영,,
이루,,
이러,,
이랑,,
이대,,
이놈,,
으에,,
유요,,
유공,,
유가,,
월반,,
우연,,
우엉,,
우시,,
요산,,
요들,,
요금,,
요걸,,
와이,,
오직,,
오시,,
연관,,
여하,,
여자,,
여야,,
여아,,
업해,,
어선,,
어른,,
안온,,
안녕,,
아옹,,
아몽,,
아랑,,
싸요,,
신분,,
신기,,
식힌,,
식후,,
시퍼,,
시믄,,
시나,,
셋째,,
세용,,
선배,,
사절,,
뿌엥,,
분요,,
분열,,
분들,,
본드,,
보이,,
법이,,
법요,,
번호,,
백전,,
바람,,
미국,,
만국,,
마트,,
듯요,,
둘째,,
둘이,,
두시,,
된걸,,
되잇,,
돼요,,
도잘,,
도둬,,
더요,,
더드,,
닫다,,
다시,,
다면,,
다들,,
놨다,,
놔요,,
논거,,
노노,,
년식,,
네월,,
남자,,
남은,,
남아,,
날름,,
난후,,
나요,,
나아,,
나시,,
끌올,,
끄적,,
끄응,,
꺼요,,
까지,,
기요,,
그놈,,
구개,,
관련,,
관계,,
곱게,,
골골,,
계시,,
게요,,
게먹,,
거지,,
거죠,,
거용,,
거요,,
거야,,
거만,,
거랑,,
개요,,
같으,,
가유,,
가용,,
가요,,
가안,,
가명,,
가도,,
말랬는데요,,
말아달라,,
큰일이어요,,
얼만가요,,
얼마줘야,,
얼마씩들,,
어째야되,,
으깨요,,
우떻게,,
여부요,,
엇데요,,
얼만지,,
얼마쯤,,
어찌하,,
어찌드,,
어쩌다,,
어뜨카,,
어떤데,,
뭔지왜,,
무언가,,
될지요,,
하까,,
질원,,
좋쵸,,
엽문,,
어땋,,
쉬질,,
무얼,,
나영,,
기문,,
괜찮,,
건요,,
바로바,,
정돈지,,
정돈데,,
개미,,
어머님들이요,,
엄마인가요,,
맘선배님들,,
힙엄마들,,
힙맘님들,,
작은엄마,,
엄마들요,,
맘들이요,,
맘님이요,,
맘님들요,,
엄만데,,
엄마맘,,
엄니들,,
어물님,,
어머님,,
시분들,,
마미들,,
마미,,
마마,,
일아기요,,
일남자아,,
아기요휴,,
아기어쩌,,
아기그리,,
아가한텐,,
개월아기,,
개월아가,,
가입니다,,
가인데요,,
친구들,,
치는아,,
잃는아,,
우리기,,
애긴데,,
아이요,,
아기잘,,
아기강,,
아기가,,
아가용,,
긴데요,,
큰아,,
일가,,
아기,,
완료사진,,
사진주의,,
사진有,,
맞_어요,,
구버전,,
먹어요왜,,
해주세요,,
좀봐주시,,
마리,,
화주,,
아가엄마들,,
맘이요,,
맘에요,,
넷째,,
중이에요너무,,
꿀렁,,
꿀꺽하,,
글제송,,
글인데,,
얼마큼씩,,
언제맞춰,,
않으세요,,
할지요,,
얼마주,,
어찌해,,
어찌들,,
어떻,,
정도요,,
정도씩,,
엄마이요,,
엄마님,,
맘분들,,
마마들,,
아긴데요,,
아기들이,,
아가들요,,
아간데,,
어가,,
수유하려는데요,,
수유시,,
수유만,,
어째요,,
거지요,,
어머니들,,
맘인데요,,
어멈님,,
아이들요,,
아간데요,,
아기용,,
먹는아,,
달아,,
아직수유,,
아기수유,,
수유해서,,
너무너무너무,,
건지요,,
어째,,
뭘로,,
첫애,,
어떨,,
어딜,,
어떤지,,
뭔지,,
뭔가,,
맘님들께,,
수유한,,
얼마씩,,
어째야,,
작은아,,
수유한지,,
아이들,,
수유전,,
어떠,,
어머님들,,
아긴데,,
수유하기,,
어찌하시,,
아가인데요,,
아가요,,
어떻게들,,
마마님,,
아기인데요,,
수유요,,
아기요,,
아기들,,
아가들,,
수유해,,
맘님들,,
수유하시,,
엄마들,,
맘들,,
맘님,,
아가,,
애,,
수유하세요,,
뚝뚝뚝,,
급작,,
가자,,
갑자,,
갑작,,
혹시요,,
뉴문,,
vs,,
vs개월,,
같으세요,,
형아,,
뽀동뽀동,,
들먹나요,,
젖이뚝뚝,,
된대요,,
할까요힘,,
민요,,
모유+분유,,
태민,,
유령,,
수유해도,,
수유할_,,
수유갤차,,
주수유,,
수유용,,
수유두,,
주행,,
슈우,,
수우,,
아가수유,,
먹은걸,,
홀쭉해지진,,
현명한지,,
혀차는소,,
헷갈려져요,,
헛돌까요,,
헛구역질이요,,
메슥거림,,
허무한,,
합치기,,
합쳐서,,
합치,,
찡얼대는데요,,
찡찡거리다,,
찡찡거리거,,
찡찡해요,,
찡찡거리,,
찡얼거,,
처지,,
챙겨드셨어요,,
찾을까욥,,
참아야되는거,,
차있어요,,
차오르진,,
차오르거,,
차요,,
차서,,
차면,,
차가워지면요,,
찝찝해요,,
찝찝이요,,
찌릿찌릿한데,,
찌릿거리는데,,
찌릿찌릿함,,
찌르르해요,,
찌릿해서,,
찌릿함,,
찌릿감,,
찌리릿,,
자부,,
쩝쩝대는데,,
쩝쩝거릴,,
쩝쩝대,,
쩝쩝거,,
너무짧아요,,
짧아요,,
짧다,,
짧고,,
징하,,
집어던졌어요,,
질질새요,,
찐하,,
찐득거리,,
지켜야힐,,
지려놔요,,
쥐어짜는듯한,,
쥐어짜요,,
쥐어짜듯,,
쥐나듯,,
주려고요,,
주나_,,
줬다,,
주실,,
주서,,
주나,,
정찰,,
젖이안돌아요,,
젖이안돌까요,,
젖이빨리차요,,
젖이찬다,,
젖이돌요,,
맺히면요,,
로차,,
정확한,,
정해놔야,,
적은거같아요,,
적다해서,,
적은거,,
적은,,
적어,,
잡혔어요,,
잡으세요,,
잡혀요,,
잡아댕기,,
잡기,,
잘못맞췄어요,,
잘못한,,
잠들면요,,
잠만자,,
잠듦요,,
자민,,
자랑,,
자두,,
자네,,
자구,,
작고,,
일정하시,,
일정해,,
일정한,,
일어나,,
익숙해서,,
이상해요,,
육박해서,,
유리한,,
웃고,,
울어버리네요,,
울어요배,,
울진,,
울기,,
넘어갈딱,,
없어진다네요,,
없는데요,,
없어요,,
없대서,,
없는거,,
없대,,
엄청나요,,
핑핑,,
어중간,,
어렵네요다들,,
어려워요저만,,
어려워요,,
어럽네요,,
약해_어요,,
애매해서,,
걸려서,,
않은데요,,
안찌다,,
안쪄요,,
안줘요,,
안주,,
안정화,,
안정적,,
안정,,
안잡히,,
안자요,,
안일어,,
안울어요,,
안우,,
안아재우,,
안쓰러워요,,
안빼요,,
안빨아요,,
안문다,,
안물때,,
이렇게안,,
안_으,,
젖을안먹어요,,
잘안먹어요,,
안먹을때요,,
안먹는아기,,
안먹는데요,,
안먹기도하,,
안먹는아,,
안먹느다,,
안먹네요,,
안먹고,,
안맞아요,,
안말라요,,
안뚤렸으,,
안되는거,,
안으,,
안녹음,,
안고파해,,
안고파할,,
안개,,
안가요,,
행거,,
심한분들,,
심한대,,
시큼한,,
시원시원,,
시원한,,
슬포요,,
슬퍼요,,
세워안으,,
서운한,,
생기네요,,
급쪘어요,,
살살해주,,
뺐다,,
빼요,,
빵빵할,,
빨아달라,,
빨다가요,,
빠른다,,
비정한,,
비어요,,
비운다면,,
오름,,
부수,,
부드러운,,
빵빵해지,,
빵빵해요,,
빵빵해야,,
뻗팅겨요,,
버티면요,,
뻐팅기,,
버터,,
버리긴,,
배불러,,
민감한,,
뭉치시,,
뭉쳐요,,
물어잡아,,
물리면요,,
물어요,,
물면요,,
무사,,
못해요뭐,,
못빨아요,,
못물다,,
못먹어요,,
못먹으,,
넘보자란,,
몰랐어요,,
몰라서요,,
먹인대요,,
먹인느데,,
멕였는데,,
먹이고요,,
먹였어요,,
먹여달라,,
먹야,,
먹먹해요,,
먹었어요,,
퍼먹으,,
멕어요,,
먹다만,,
먹는거,,
먹네요,,
머글까,,
퍼먹,,
목음,,
먹진,,
먹음,,
먹어,,
머그,,
먹고파하,,
먹고파요,,
먹고픈,,
먹고프,,
맞춰질람,,
맞춰놔야,,
맞추려면,,
맞긴,,
말랑해질,,
말랑해야,,
많이해요,,
많은가요,,
많이_,,
많아서,,
많게,,
마니,,
만족하시,,
만족해,,
마를새,,
마르고,,
띵띵해질,,
띵띵해,,
떨어져,,
빵빵하,,
딴딴해지,,
딴딴해요,,
딴딴해,,
등대,,
둬냐,,
둔거,,
되직할,,
돌아요,,
데워먹여,,
데워먹어,,
댑혔는데,,
덜어먹여,,
담아놔,,
더달래요,,
땅김,,
당기,,
답답해서,,
담으면요,,
달래기용,,
달래여,,
달래,,
들러붙,,
달달,,
닫아놨으,,
담해요,,
닦으세요,,
다양,,
짝짝이가,,
다른지요,,
제각각,,
짝짹,,
짝짜,,
다른,,
늘리죠아,,
늘리는고,,
늘리나요,,
늘어요,,
깜놀했어요,,
넣어놨다,,
넣어놔둬,,
넣어_던,,
넣어놔,,
넣긴,,
넘었믄데,,
넘어요,,
남기면요,,
나왔어요,,
나오는데,,
나오질,,
나오기,,
나약해서,,
나눠먹음,,
나눠먹고,,
나눠먹,,
나간대요,,
끝나긴,,
끙끙대요,,
끙끙댐,,
끈적여요,,
끈적거리,,
끈적거,,
뀌어요,,
깼어요,,
깨는아,,
깨는데,,
길지만,,
길어요,,
급해요,,
그미합니,,
굶겼다,,
굶겨보,,
굶길,,
구해,,
갠츈하,,
개안,,
고인,,
게워놓고,,
게워낸다,,
게워내지,,
게워내죠,,
게워내니,,
게워내고,,
게워내거,,
개워내서,,
게운,,
개운,,
개우,,
걸쭉해요,,
걸리면요,,
걸려요,,
가려먹기,,
가려구,,
기능하,,
화가,,
혀차,,
헛빨아요,,
구역질,,
찡찡거,,
찡얼대,,
챙겨드시,,
차오르지,,
차오,,
찌릿거리,,
찌릿거,,
짧은데요,,
진득,,
지려요,,
쥐어짜,,
젖돈다,,
적당한,,
적게,,
저릿,,
저렴한,,
원해요,,
울어요,,
예민한,,
어렵네요,,
않아요,,
안해요,,
안고픈,,
빨아요,,
빨아먹,,
빨긴,,
뻐팅겨요,,
뻐팅김,,
배부르,,
물긴,,
못자,,
몰아먹,,
게먹기,,
먹자,,
먹긴,,
말랑해질까요,,
말랑해졌어요,,
말랑해지,,
말랑해,,
말랑한,,
많아요,,
막막,,
되직해요,,
되직한,,
대단,,
달라고,,
달래요,,
단단해,,
늘질,,
넘아가,,
남아요,,
끙끙대,,
깨워먹,,
극심한,,
굶겨야,,
지나면요,,
게워냈는데요,,
게워내는데요,,
케어내요,,
게워냅니,,
게워내서,,
게워,,
가려먹으,,
헛구역질해요,,
지리,,
잠들어요,,
자면요,,
잠듦,,
연하,,
너무안먹어요,,
안대,,
안녹아요,,
뿌연,,
비슷한,,
뻗대,,
배고파서,,
물리,,
물고,,
먹으면요,,
먹이면,,
매콤한,,
말랑해지나요,,
많은데요,,
땡땡해요,,
땡땡한,,
땡땡하,,
따뜻한,,
짝짝이요,,
짝짝이,,
녹음,,
게워낸,,
걸쭉하,,
안돌아요,,
안일어나,,
안돼요,,
생기,,
빵빵한데,,
물리면,,
먹기,,
말랑해요,,
말랑하,,
게우는데,,
게움,,
가스차,,
충분한지,,
차오르,,
일어,,
심한데요,,
무지한,,
안도,,
먹이려는데요,,
달라,,
끊어먹,,
깜빡,,
해당,,
챙겨드시나요,,
아시,,
먹어요,,
주시,,
적당한지,,
먹질,,
말랑한데,,
게워낼,,
충분한,,
이상한,,
애매,,
게워내는데,,
먹이기,,
잘못된,,
달달한,,
안물어요,,
안무,,
게워요,,
달라요,,
뭉치,,
게우,,
안먹어요,,
먹이,,
먹이시,,
비슷,,
적당,,
심해요,,
적어요,,
게워내요,,
게워내,,
주세요,,
게워냄,,
나와요,,
찌릿찌릿해,,
빼,,
물리시,,
떼,,
녹,,
깨,,
길,,
할때요,,
할하,,
할지,,
할걸,,
풀어지질,,
다논,,
커_어요,,
오버,,
간지럽죠,,
간지럽고,,
간지럽게,,
간지러움,,
가려운데,,
간질거,,
가렵고,,
가려워요,,
간지러워요,,
땀차,,
탱탱한데,,
단단해지,,
단단한데,,
땡땡해,,
근지,,
유용,,
건조해서,,
건조해,,
건조함,,
궁금해요,,
궁금한,,
궁금투성,,
궁금요,,
충분한데,,
층분히,,
쪼그라들어요,,
쪼그라들면,,
짜부,,
즐겁게,,
자주께요,,
자주깨요,,
입닫아요,,
자다가깨,,
입짧은아,,
돌리시,,
사용해도,,
사용한_,,
사용에요,,
돌랴,,
비벼요,,
불안해서,,
불쌍해서,,
들먹나요,,
달달해,,
단축해,,
얼려놨는데,,
찌우,,
쪼그라드,,
뽈록,,
갈아입혀야,,
알아먹,,
끊어먹고,,
끊어먹거,,
받으,,
싸_,,
수월,,
먹일혀,,
너무커요,,
망가져요,,
섞어먹여야,,
섞여먹으,,
섞여먹,,
섞어먹,,
섞어먹여,,
섞여먹여,,
안나와요,,
안나오다,,
길이요,,
핸즈프리,,
대용,,
유후,,
회복해서,,
혼란왔어요,,
호환이요,,
호환해,,
피가났어요,,
피고인,,
혈흔,,
피섞,,
현타왔어요,,
현자,,
진짜허무,,
행동이요,,
항문찢어짐,,
해결함,,
필수일지요,,
품절이라,,
품절로,,
품절되,,
포함해서,,
유포,,
평균적,,
패스해,,
패닉이에요,,
팔이요,,
판단이,,
트러블요,,
투성이,,
케어요,,
커피포트요,,
카시트잘,,
침맞아,,
침전물이요,,
치열이요,,
치밀,,
치료방법이요,,
측정이요,,
충격받아서요,,
충격받았어요,,
피가나,,
최소한,,
맥시멈,,
초유색문의드,,
초유밀플러스,,
초유밀이요,,
초우량,,
초산맘,,
생초보,,
초짜,,
나는데몇,,
첫수막수만,,
헤로나민,,
철분제요,,
처음인데요,,
첨했는데,,
처분하시,,
처방만,,
참고하세요,,
너무차,,
차이요,,
찌꺼기요,,
찌꺼,,
짝가슴이요,,
젖집착,,
모유타령,,
집중해서,,
집중하시,,
진행하시,,
진정한,,
진입한,,
되써요,,
입성,,
진료볼,,
불가한,,
거부중이,,
헬이에요,,
준비한,,
결국주문,,
좌절완모,,
조정해,,
원장님,,
쪼금씩,,
살짝씩,,
제품이긴,,
제공해준대요,,
전속,,
입구,,
미리짜리,,
젖병소독해야,,
물에담그,,
씻으세요,,
떼기요,,
젖뗄,,
젖꼭지업,,
직수형,,
업타운,,
접종했는데요,,
접종해,,
점프하듯,,
점박,,
절망적,,
절망이,,
절망이요,,
절개해서,,
레인지,,
적량,,
적정한지,,
적정시,,
적응이요,,
접근기,,
재시,,
재사,,
재보,,
점이요,,
장염기,,
액티비티,,
러닝,,
장난치,,
잠투정할,,
투정,,
잠투정하,,
자영,,
경부,,
입원해서,,
육아종,,
임신해서,,
임신이요,,
일정치,,
일반내,,
알반,,
유두종,,
이용하시,,
이동해,,
의도치,,
의견들,,
응급실인데요,,
퇴화,,
육아책,,
삐뽀책,,
육아엄마,,
유통,,
유릉,,
타이밍,,
흡입기,,
락티나,,
유질이요,,
사용유즙,,
뚫린데요,,
일부분유선,,
유선이요,,
유방촘파,,
유목민인데요,,
분유유목민,,
유륜각질이요,,
유두통증이요,,
직수유투,,
아포요,,
가위,,
유당적,,
요관통,,
신물,,
도루묵,,
원산지요,,
워킹맘들,,
워킹맘님,,
워킹엄마,,
운동해,,
헬스,,
서울우유,,
증오,,
유연,,
외출해서,,
외출하시,,
외출해,,
옹알,,
온찜질해줘야,,
온찜질해,,
으실으실,,
으슬으슬,,
온니,,
오물오물거려요,,
오물오물거릴,,
오물오물거리,,
예비엄마,,
영유,,
영양분이요,,
엽산,,
염증이있다,,
패치,,
열패,,
살인데요,,
마흔,,
추적,,
역류방,,
여름나,,
여러모,,
엑스,,
엉망이_거,,
업글,,
쌔빨개지,,
어플이요,,
어플요,,
어마하,,
상이요,,
약사분,,
약사님,,
약복용중,,
약물복,,
구성비,,
방지법,,
가입이요,,
가슴상태,,
가슴몽울,,
가슴확대,,
가슴성형,,
감기요,,
간호사들,,
각질이요,,
가제수,,
격,,
개념이요,,
타령하시,,
항진증,,
겉면이요,,
검출이요,,
검출요,,
검사해,,
걱정돼요,,
게시글,,
게시,,
모닝,,
장애,,
결정해,,
경험자님,,
고생요,,
계산하기,,
계산이요,,
경혈마사,,
골든타,,
골감소증,,
고집해,,
떼쓰,,
고정하시,,
고정,,
열두,,
골밀,,
교육이요,,
관리사분,,
수소,,
광복,,
교육하시,,
산물,,
구연,,
교정해,,
시외버스,,
규칙,,
권장요,,
트름토냄새,,
극복하시,,
권유,,
시기울기,,
시기운,,
기성전,,
기본적,,
작성,,
금액이요,,
기한이,,
기안,,
시기포,,
기준이요,,
기준이,,
하루기저귀갯수,,
기저귀갯수,,
기저귀수,,
기저귀요,,
범퍼,,
블루스,,
껍데기,,
깨우기요,,
들올,,
냉이,,
내수용가스,,
간자요,,
낮잠이요,,
낮텀,,
낮수양,,
눈곱,,
분노하우,,
네뷸라이저,,
냉동유축유,,
넘버요,,
다이어트하시,,
살빼신분,,
다양한,,
락토플러스,,
단유준,,
단유정보,,
단유마사,,
카베리,,
단식투쟁중,,
당황쓰,,
도무,,
덩어리들,,
대처방법들,,
대처해,,
대비해,,
도리도리,,
덩어리요,,
동반하시,,
돌콩,,
돌끝맘,,
주사요,,
전이요,,
수유두드러기,,
도우미분,,
영상,,
도전해,,
로타텍,,
렌느제,,
두통이요,,
마사지사가,,
마더세이프,,
되짚기,,
로타,,
언저리,,
리베,,
말캉말캉,,
마지막수유텀,,
막수텀,,
막수시간이요,,
막수거부,,
많이들,,
다거부,,
멸균으유,,
먹잠이요,,
먹던걸,,
머리요,,
머리론,,
맛고분,,
맛이요,,
모양이요,,
이지컷,,
모아놨던,,
모유실감젖꼭지젖꼭지,,
모유수유기름,,
기름,,
수유기름,,
클리닉,,
예행연습,,
모유수유설,,
수유분,,
모유사랑,,
중단전,,
보관일,,
음병,,
줄었어요방법,,
젖병거부인가요,,
몸뚱이,,
법문,,
해동해,,
동해,,
타령,,
동방,,
해동이요,,
동실,,
몸살끼,,
몸살기,,
몸살인지,,
몸부,,
무조건해,,
발톱무좀,,
미열이요,,
미안해지,,
물집이요,,
물주,,
물양이요,,
템들,,
발치요,,
버둥대요,,
바둥대느,,
바둥거리,,
바운스,,
바본,,
보디,,
주문제,,
밤잠전,,
밤잠잘,,
밤잠시,,
밤수패턴엉망,,
밤수유콜이요,,
밤수유량,,
바텀,,
아가배,,
백일아가,,
백일아기,,
방식이요,,
뱃고레늘리는법,,
뱃소,,
버전이요,,
병행해서,,
병행하시,,
삼성서울병원,,
병원이요,,
변경시,,
베페,,
병행해,,
보관실요,,
부음,,
수유부유방,,
부실해,,
부분부분,,
복직하시,,
복귀,,
분리하시,,
분리해,,
분리요,,
부활해서,,
분유값,,
범위,,
바꾸셨여,,
힙분유량계산,,
유량조절이요,,
유량조절,,
비교여,,
고민여,,
고려,,
고민이에요,,
락토페린,,
유화제,,
타우,,
압타밀vs힙,,
선택하시,,
선택한,,
시도요,,
힙분유수유량,,
전분유아기,,
분유문의,,
멈_던,,
직구하,,
분유미,,
코드,,
용량이요,,
찬양,,
포트기,,
포타,,
쿠첸오토분유포트,,
엘프슈타펠분유포트,,
힙분유텀,,
분유텀이,,
분유문,,
패턴인데요,,
수유수면패턴,,
패턴이요,,
분유량정체시기,,
정체가가,,
분유정,,
결손,,
단유도전이요,,
불규칙한데,,
들쭉날쭉,,
들쑥날쑥,,
들쭉,,
불가,,
브레이지,,
불편한,,
비염이요,,
비율이요,,
기내,,
b형간염,,
뾰루,,
대중탕,,
사용기간이요,,
가출,,
사출이요,,
상담이요,,
산모님,,
상처요,,
사항들,,
조리중,,
조리,,
산후관리사분,,
관리사님,,
무너짐,,
생리량,,
결정장애,,
장애요,,
선생님들,,
생활하시,,
생각하시,,
생각보다,,
생각만,,
생각들,,
섭취법,,
먹어도되,,
섭취해,,
먹소,,
드시,,
성장급,,
성숙유랑,,
소독한,,
스팀,,
소아비,,
소분해,,
소분한,,
소분하,,
오줌,,
설루션,,
손수건요,,
속상한,,
스와들,,
자연장,,
잠시간,,
의식,,
가리,,
수술해서,,
수술해,,
신청해,,
티슈,,
수정이요,,
수유양부족,,
브라,,
시트,,
변색,,
수족구로,,
스크루,,
모유수유콜,,
호출,,
콜이요,,
변횟수,,
a형간염,,
패드요,,
신호요,,
텀관리,,
플랜,,
스타,,
스틱이요,,
세척해서,,
세척하시,,
세척이요,,
세척해,,
스푼이요,,
스푼이,,
스푼요,,
시술해,,
표요,,
시점이요,,
관리하시,,
청구,,
신생아일분유량,,
신생아앰솔루트궁분유,,
니크,,
니큐,,
실수한,,
미스,,
실패한,,
소대,,
나비잠,,
반팔,,
보릿물,,
물먹여,,
베이비워터,,
안구,,
암거,,
완모갤아,,
갤완모아,,
분여,,
진수완모아기,,
액상분유추천요,,
양치요,,
약물복용,,
진창,,
토토,,
인류,,
인큐,,
욕구요,,
레벨,,
유축방법이요,,
건더기,,
부분적,,
얘기,,
자연단유방,,
전문가분,,
전문,,
전문가님,,
사정상,,
정체기인가요,,
기후,,
물잡,,
조사,,
쪼금,,
조제량,,
보유량,,
조직,,
주기요,,
중단해,,
증량할,,
체크요,,
초,,
통일해서,,
통일,,
팩이요,,
팩하,,
필요한,,
환불받아보,,
활용방법,,
모유단유고민,,
연화증,,
후두,,
한쪽만,,
복용방법,,
혼합수유고민,,
중탕법,,
보관방법이요,,
모유부족한데,,
늘리는법,,
올랐어요,,
엄마사랑,,
밀플로우,,
촉진제,,
이유식요,,
유식,,
늘리기요,,
늘리기,,
효과요,,
분유교체방법이요,,
컨테이너,,
모유수유작하,,
모유수유작도,,
락이,,
펨도피러스,,
락피도,,
구매들,,
통구,,
구매하시,,
가능한가,,
궁금해,,
게워내다안,,
가시나,,
가려워,,
관계있을까요,,
가능한가요,,
간지러워,,
게워냄이요,,
깨워먹여야,,
가르쳐주세요,,
건몰까,,
같아요어찌해야,,
굶겨볼까,,
가능해,,
게워낼까,,
궁금해서요,,
궁금해,,
간지러운데,,
너무커,,
너무짧아,,
너무자주깨,,
넣으세요,,
돨까,,
딱딱해,,
답답해,,
딴짓해,,
뜯는데이거,,
모르겠어요한번,,
물지를못해,,
물리나,,
먹이나,,
말랑하면요,,
모유양이달라,,
미치겠어요,,
물고자,,
미치겟,,
미네랄오,,
먹이고파요,,
맞죠어떻,,
먹에도될까,,
반투명해,,
빵빵한데요,,
부들부들한,,
수유,,
수유하시나,,
생기나,,
소리를내,,
싫어해요도와주,,
수유하시나,,
서운해,,
상하나,,
생기나,,
아시나,,
엄마,,
엄마예,,
있으,,
아기,,
입으,,
안나와,,
읽어주,,
아가예,,
아기가너무안먹어,,
아기예,,
안먹어요도와주,,
이하예,,
이상해,,
얼마인가요,,
안무나,,
안대나,,
잘안나와,,
줄이고픈데,,
젖이안돌아,,
적절한가요,,
지려놔,,
적당한가요,,
주시나,,
제자나,,
잘안먹어,,
챙겨드,,
초조해지,,
찡얼대는데,,
하다,,
하시나,,
